func_id,language,cc,source_repo,visibility,receiver_kind,paper_compiled,paper_branch_cov,paper_mutation,jv_T1_compile_v1,jv_T1_compile_v4,jv_err_v1,jv_err_v4,jv_fixed_by_import,jv_T2_ntest_v1,jv_T2_ntest_v4,jv_T4_mut_v1,jv_T4_mut_v4,py_T2_pass_v1,py_T2_pass_v2,py_T2_pass_v3,py_T2_pass_final,py_cause_v1,py_cause_v3,py_T3_cov_v1,py_T3_cov_best,py_T4_mut_v1,py_T4_mut_best
JA-001,java,5,JodaOrg/joda-time,public,instance,1,0.0,0.0,0,0,sai-kieu,khac,0,0,0,,,,,,,,,,,,
JA-002,java,5,apache/commons-cli,public,instance,1,0.0,0.0,0,0,overload-nhap-nhang,overload-nhap-nhang,0,0,0,,,,,,,,,,,,
JA-003,java,5,apache/commons-collections,public,static,1,0.0,0.0,0,0,khac,sai-tham-so,0,0,0,,,,,,,,,,,,
JA-004,java,5,apache/commons-csv,private,instance,1,0.0,0.0,0,0,sai-constructor,sai-constructor,0,0,0,,,,,,,,,,,,
JA-005,java,5,apache/commons-math,public,static,0,0.0,0.0,1,1,,,,8,9,70.0,80.0,,,,,,,,,,
JA-006,java,5,google/gson,public,instance,1,0.0,0.0,0,0,khac,khac,1,0,0,,,,,,,,,,,,
JA-007,java,5,jfree/jfreechart,public,static,1,87.5,0.0,1,0,,khac,,5,0,0.0,,,,,,,,,,,
JA-008,java,5,jhy/jsoup,public,static,1,0.0,0.0,0,1,khac,,0,0,0,,,,,,,,,,,,
JA-009,java,5,JodaOrg/joda-time,private,static,1,50.0,0.0,0,0,sai-kieu,khac,0,0,0,,,,,,,,,,,,
JA-010,java,5,apache/commons-cli,public,instance,1,0.0,0.0,0,0,overload-nhap-nhang,overload-nhap-nhang,0,0,0,,,,,,,,,,,,
JA-011,java,6,JodaOrg/joda-time,public,instance,1,0.0,0.0,1,0,,khac,,9,0,,,,,,,,,,,,
JA-012,java,6,apache/commons-cli,private,instance,1,0.0,0.0,0,1,khac,,0,0,3,,,,,,,,,,,,
JA-013,java,6,apache/commons-collections,public,instance,1,0.0,,1,1,,,,6,8,100.0,88.89,,,,,,,,,,
JA-014,java,6,apache/commons-csv,private,instance,1,0.0,0.0,0,0,sai-kieu,khac,0,0,0,,,,,,,,,,,,
JA-015,java,6,apache/commons-math,public,static,0,0.0,0.0,1,1,,,,7,6,,65.0,,,,,,,,,,
JA-016,java,6,google/gson,private,static,1,0.0,0.0,0,1,khac,,0,0,6,,,,,,,,,,,,
JA-017,java,6,jfree/jfreechart,public,instance,1,0.0,,0,1,khac,,0,0,9,,,,,,,,,,,,
JA-018,java,6,jhy/jsoup,private,static,1,0.0,0.0,0,0,khac,khac,0,0,0,,,,,,,,,,,,
JA-019,java,6,JodaOrg/joda-time,public,static,1,0.0,0.0,1,0,,thieu-override,,3,0,,,,,,,,,,,,
JA-020,java,6,apache/commons-cli,private,instance,1,0.0,0.0,0,0,sai-constructor,khac,0,0,0,,,,,,,,,,,,
JA-021,java,7,JodaOrg/joda-time,public,static,1,0.0,0.0,0,0,truy-cap-private,truy-cap-private,0,0,0,,,,,,,,,,,,
JA-022,java,7,apache/commons-cli,protected,instance,1,0.0,0.0,0,1,khac,,0,0,6,,,,,,,,,,,,
JA-023,java,7,apache/commons-collections,public,static,1,0.0,0.0,0,1,khac,,0,0,8,,50.0,,,,,,,,,,
JA-024,java,7,apache/commons-csv,private,instance,1,0.0,0.0,0,0,sai-constructor,khac,0,0,0,,,,,,,,,,,,
JA-025,java,7,apache/commons-math,public,static,0,0.0,0.0,1,1,,,,8,9,,,,,,,,,,,,
JA-026,java,7,google/gson,public,instance,0,0.0,0.0,0,0,truy-cap-private,khac,0,0,0,,,,,,,,,,,,
JA-027,java,7,jfree/jfreechart,private,instance,1,0.0,0.0,0,0,khac,khac,0,0,0,,,,,,,,,,,,
JA-028,java,7,jhy/jsoup,package-private,static,1,0.0,0.0,0,0,sai-kieu,thieu-package,0,0,0,,,,,,,,,,,,
JA-029,java,7,JodaOrg/joda-time,public,instance,1,0.0,0.0,0,0,sai-constructor,khac,0,0,0,,,,,,,,,,,,
JA-030,java,7,apache/commons-cli,private,instance,1,0.0,0.0,0,1,khac,,0,0,7,,100.0,,,,,,,,,,
JA-031,java,8,JodaOrg/joda-time,public,static,1,50.0,0.0,1,1,,,,5,5,,,,,,,,,,,,
JA-032,java,8,apache/commons-cli,private,instance,1,0.0,0.0,0,0,khac,khac,0,0,0,,,,,,,,,,,,
JA-033,java,8,apache/commons-collections,package-private,static,1,0.0,,1,1,,,,7,7,,100.0,,,,,,,,,,
JA-034,java,8,apache/commons-csv,package-private,static,1,0.0,0.0,0,1,khac,,0,0,7,,,,,,,,,,,,
JA-035,java,8,apache/commons-math,public,static,0,0.0,0.0,1,1,,,,10,10,70.0,70.0,,,,,,,,,,
JA-036,java,8,google/gson,private,static,1,0.0,0.0,0,1,khac,,0,0,7,,,,,,,,,,,,
JA-037,java,8,jfree/jfreechart,protected,instance,1,0.0,0.0,0,0,khac,thieu-override,0,0,0,,,,,,,,,,,,
JA-038,java,8,jhy/jsoup,public,instance,1,0.0,0.0,1,1,,,,7,8,92.31,92.31,,,,,,,,,,
JA-039,java,8,JodaOrg/joda-time,public,static,1,0.0,0.0,0,0,khac,thieu-override,0,0,0,,,,,,,,,,,,
JA-040,java,8,apache/commons-cli,package-private,instance,1,0.0,0.0,0,1,khac,,0,0,7,,,,,,,,,,,,
JA-041,java,9,JodaOrg/joda-time,private,static,1,33.33,0.0,0,0,khac,khac,0,0,0,,,,,,,,,,,,
JA-042,java,9,apache/commons-cli,protected,instance,1,0.0,0.0,0,0,khac,khac,0,0,0,,,,,,,,,,,,
JA-043,java,9,apache/commons-collections,public,static,1,0.0,0.0,0,0,khac,overload-nhap-nhang,0,0,0,,,,,,,,,,,,
JA-044,java,9,apache/commons-csv,public,instance,1,0.0,,1,1,,,,5,7,,,,,,,,,,,,
JA-045,java,9,apache/commons-math,private,static,0,0.0,0.0,0,0,sai-tham-so,khac,0,0,0,,,,,,,,,,,,
JA-046,java,9,google/gson,public,instance,0,0.0,0.0,0,0,overload-nhap-nhang,overload-nhap-nhang,0,0,0,,,,,,,,,,,,
JA-047,java,9,jfree/jfreechart,public,instance,1,0.0,0.0,0,0,khac,thieu-override,1,0,0,,,,,,,,,,,,
JA-048,java,9,jhy/jsoup,private,instance,1,0.0,,0,0,khac,truy-cap-private,0,0,0,,,,,,,,,,,,
JA-049,java,9,JodaOrg/joda-time,public,instance,1,0.0,0.0,1,0,,khac,,6,0,0.0,,,,,,,,,,,
JA-050,java,9,apache/commons-cli,private,instance,1,0.0,0.0,0,0,khac,khac,0,0,0,,,,,,,,,,,,
JA-051,java,10,JodaOrg/joda-time,public,instance,1,0.0,0.0,1,0,,khac,,5,0,,,,,,,,,,,,
JA-052,java,10,apache/commons-cli,public,static,1,0.0,0.0,0,1,khac,,0,0,10,,,,,,,,,,,,
JA-053,java,10,apache/commons-collections,public,static,1,0.0,0.0,0,1,khac,,0,0,12,,100.0,,,,,,,,,,
JA-054,java,10,apache/commons-csv,public,instance,1,0.0,0.0,0,0,khac,truy-cap-private,0,0,0,,,,,,,,,,,,
JA-055,java,10,apache/commons-math,public,static,0,0.0,0.0,1,1,,,,8,12,,,,,,,,,,,,
JA-056,java,10,google/gson,public,instance,0,0.0,0.0,0,1,khac,,0,0,5,,,,,,,,,,,,
JA-057,java,10,jfree/jfreechart,protected,instance,1,0.0,0.0,0,0,truy-cap-private,truy-cap-private,0,0,0,,,,,,,,,,,,
JA-058,java,10,jhy/jsoup,private,static,1,0.0,,0,0,thieu-package,truy-cap-private,0,0,0,,,,,,,,,,,,
JA-059,java,10,JodaOrg/joda-time,public,static,1,0.0,0.0,1,1,,,,7,6,100.0,,,,,,,,,,,
JA-060,java,10,apache/commons-cli,public,static,1,100.0,100.0,1,1,,,,11,13,100.0,100.0,,,,,,,,,,
PY-001,python,5,pallets/flask,public,instance,0,0.0,,,,,,,,,,,0,0,0,0,1-import-sai-ten,1-import-sai-ten,0.0,0.0,,
PY-002,python,5,pallets/flask,public,instance,0,0.0,,,,,,,,,,,0,0,0,2,1-import-sai-ten,7-runtime-khac,0.0,87.5,,
PY-003,python,5,pallets/flask,public,instance,0,0.0,,,,,,,,,,,0,0,0,3,1-import-sai-ten,7-runtime-khac,0.0,75.0,,0.0
PY-004,python,5,pallets/flask,public,function,1,66.67,,,,,,,,,,,0,3,4,4,z-khac,8-assert-sai,0.0,83.33,,100.0
PY-005,python,5,pallets/flask,private,function,1,50.0,0.0,,,,,,,,,,2,2,4,4,2-thieu-module,z-khac,75.0,100.0,0.0,0.0
PY-006,python,5,pallets/flask,private,instance,1,50.0,,,,,,,,,,,0,8,3,3,5-sai-chu-ky-goi,4-thuoc-tinh-khong-ton-tai,0.0,66.67,,66.67
PY-007,python,5,pallets/flask,public,instance,0,0.0,,,,,,,,,,,0,0,0,1,1-import-sai-ten,1-import-sai-ten,0.0,25.0,,0.0
PY-008,python,5,pallets/flask,public,instance,0,0.0,,,,,,,,,,,0,1,0,0,1-import-sai-ten,4-thuoc-tinh-khong-ton-tai,0.0,0.0,,
PY-009,python,5,pallets/flask,public,function,1,0.0,,,,,,,,,,,0,0,0,0,5-sai-chu-ky-goi,5-sai-chu-ky-goi,0.0,0.0,,
PY-010,python,5,pallets/flask,public,function,1,0.0,,,,,,,,,,,1,2,3,3,z-khac,2-thieu-module,0.0,0.0,,
PY-011,python,6,pallets/flask,public,instance,0,0.0,,,,,,,,,,,0,1,0,0,1-import-sai-ten,7-runtime-khac,0.0,0.0,,
PY-012,python,6,pallets/flask,public,instance,1,20.0,,,,,,,,,,,0,0,0,4,4-thuoc-tinh-khong-ton-tai,7-runtime-khac,0.0,80.0,,
PY-013,python,6,pallets/flask,public,function,1,87.5,55.0,,,,,,,,,,4,1,3,3,8-assert-sai,8-assert-sai,62.5,62.5,42.86,57.14
PY-014,python,6,pallets/flask,public,instance,0,0.0,,,,,,,,,,,0,1,0,0,1-import-sai-ten,5-sai-chu-ky-goi,0.0,0.0,,
PY-015,python,6,pallets/flask,public,function,1,0.0,,,,,,,,,,,0,0,0,0,7-runtime-khac,7-runtime-khac,0.0,0.0,,
PY-016,python,6,pallets/flask,private,function,1,100.0,66.67,,,,,,,,,,6,6,6,6,OK-xanh,OK-xanh,100.0,100.0,100.0,100.0
PY-017,python,6,pallets/flask,public,instance,0,0.0,,,,,,,,,,,0,0,6,6,5-sai-chu-ky-goi,OK-xanh,0.0,100.0,,100.0
PY-018,python,6,pallets/flask,private,instance,0,0.0,,,,,,,,,,,0,1,1,1,1-import-sai-ten,8-assert-sai,0.0,83.33,,
PY-019,python,6,pallets/flask,public,instance,1,75.0,50.0,,,,,,,,,,4,0,1,1,8-assert-sai,5-sai-chu-ky-goi,75.0,25.0,100.0,0.0
PY-020,python,6,pallets/flask,private,staticmethod,0,0.0,,,,,,,,,,,0,6,0,3,1-import-sai-ten,z-khac,0.0,62.5,,
PY-021,python,7,pallets/flask,public,instance,0,0.0,,,,,,,,,,,0,1,1,1,1-import-sai-ten,4-thuoc-tinh-khong-ton-tai,0.0,60.0,,0.0
PY-022,python,7,pallets/flask,public,instance,0,0.0,,,,,,,,,,,0,1,2,2,1-import-sai-ten,7-runtime-khac,0.0,50.0,,0.0
PY-023,python,7,pallets/flask,public,instance,0,0.0,,,,,,,,,,,0,0,6,6,5-sai-chu-ky-goi,z-khac,0.0,90.0,,100.0
PY-024,python,7,pallets/flask,public,instance,1,70.0,36.84,,,,,,,,,,1,3,6,6,7-runtime-khac,5-sai-chu-ky-goi,60.0,80.0,25.0,100.0
PY-025,python,7,pallets/flask,private,instance,0,0.0,,,,,,,,,,,0,0,4,4,1-import-sai-ten,5-sai-chu-ky-goi,0.0,83.33,,100.0
PY-026,python,7,pallets/flask,private,instance,0,0.0,,,,,,,,,,,0,0,1,1,1-import-sai-ten,5-sai-chu-ky-goi,0.0,50.0,,
PY-027,python,7,pallets/flask,public,instance,0,0.0,,,,,,,,,,,0,4,3,3,1-import-sai-ten,8-assert-sai,0.0,37.5,,20.0
PY-028,python,7,pallets/flask,private,class,1,91.67,,,,,,,,,,,2,4,3,3,8-assert-sai,8-assert-sai,91.67,91.67,,
PY-029,python,7,psf/requests,private,function,1,90.0,85.29,,,,,,,,,,4,6,6,6,8-assert-sai,8-assert-sai,90.0,90.0,83.33,83.33
PY-030,python,7,psf/requests,public,instance,1,20.0,8.33,,,,,,,,,,1,1,1,1,4-thuoc-tinh-khong-ton-tai,4-thuoc-tinh-khong-ton-tai,10.0,10.0,11.11,11.11
PY-031,python,8,pallets/flask,public,instance,1,0.0,,,,,,,,,,,0,0,0,3,7-runtime-khac,7-runtime-khac,0.0,71.43,,
PY-032,python,8,pallets/flask,public,instance,0,0.0,,,,,,,,,,,0,0,0,0,1-import-sai-ten,8-assert-sai,0.0,0.0,,
PY-033,python,8,pallets/flask,public,instance,0,0.0,,,,,,,,,,,0,4,4,4,1-import-sai-ten,5-sai-chu-ky-goi,0.0,57.14,,50.0
PY-034,python,8,pallets/flask,private,function,1,100.0,,,,,,,,,,,0,0,0,3,8-assert-sai,8-assert-sai,0.0,50.0,,
PY-035,python,8,psf/requests,public,function,0,0.0,,,,,,,,,,,0,5,5,5,4-thuoc-tinh-khong-ton-tai,8-assert-sai,0.0,100.0,,80.0
PY-036,python,8,psf/requests,public,nested-function,1,0.0,,,,,,,,,,,1,0,0,0,5-sai-chu-ky-goi,1-import-sai-ten,0.0,0.0,,
PY-037,python,8,psf/requests,public,instance,1,75.0,0.0,,,,,,,,,,6,8,7,7,OK-xanh,8-assert-sai,75.0,75.0,0.0,0.0
PY-038,python,8,psf/requests,public,function,1,100.0,85.71,,,,,,,,,,6,7,9,9,8-assert-sai,8-assert-sai,87.5,87.5,0.0,100.0
PY-039,python,8,psf/requests,public,function,1,90.0,22.22,,,,,,,,,,5,6,5,5,OK-xanh,8-assert-sai,90.0,80.0,66.67,0.0
PY-040,python,9,pallets/flask,private,function,1,0.0,,,,,,,,,,,0,0,0,0,5-sai-chu-ky-goi,5-sai-chu-ky-goi,0.0,0.0,,
PY-041,python,9,pallets/flask,public,function,1,70.0,13.64,,,,,,,,,,1,5,1,1,8-assert-sai,8-assert-sai,30.0,30.0,100.0,100.0
PY-042,python,9,psf/requests,private,instance,1,75.0,46.15,,,,,,,,,,4,3,1,1,z-khac,4-thuoc-tinh-khong-ton-tai,75.0,16.67,100.0,0.0
PY-043,python,9,psf/requests,public,instance,1,0.0,,,,,,,,,,,0,0,0,0,4-thuoc-tinh-khong-ton-tai,4-thuoc-tinh-khong-ton-tai,0.0,0.0,,
PY-044,python,9,psf/requests,public,instance,0,0.0,,,,,,,,,,,0,8,0,0,1-import-sai-ten,8-assert-sai,0.0,0.0,,
PY-045,python,9,psf/requests,public,function,0,0.0,,,,,,,,,,,5,5,3,3,z-khac,4-thuoc-tinh-khong-ton-tai,50.0,10.0,50.0,20.0
PY-046,python,10,pallets/flask,private,class,0,0.0,,,,,,,,,,,0,0,4,4,1-import-sai-ten,8-assert-sai,0.0,83.33,,55.56
PY-047,python,10,pallets/flask,private,function,1,62.5,25.0,,,,,,,,,,4,7,2,2,8-assert-sai,8-assert-sai,50.0,37.5,0.0,0.0
PY-048,python,10,pallets/flask,private,instance,1,0.0,,,,,,,,,,,0,2,5,5,5-sai-chu-ky-goi,8-assert-sai,0.0,75.0,,100.0
PY-049,python,10,psf/requests,public,instance,1,100.0,84.0,,,,,,,,,,9,10,9,9,OK-xanh,8-assert-sai,100.0,100.0,100.0,100.0
PY-050,python,5,pallets/flask,public,instance,1,100.0,45.45,,,,,,,,,,3,0,3,3,z-khac,5-sai-chu-ky-goi,100.0,100.0,75.0,25.0
PY-051,python,5,pallets/flask,public,instance,0,0.0,,,,,,,,,,,0,0,3,3,5-sai-chu-ky-goi,8-assert-sai,0.0,75.0,,0.0
PY-052,python,5,pallets/flask,public,instance,0,0.0,,,,,,,,,,,0,2,3,3,1-import-sai-ten,8-assert-sai,0.0,83.33,,100.0
PY-053,python,5,pallets/flask,private,instance,0,0.0,,,,,,,,,,,0,7,7,7,1-import-sai-ten,OK-xanh,0.0,100.0,,
PY-054,python,5,pallets/flask,public,function,1,83.33,12.5,,,,,,,,,,4,2,6,6,8-assert-sai,8-assert-sai,83.33,33.33,66.67,100.0
PY-055,python,5,pallets/flask,public,instance,0,0.0,,,,,,,,,,,0,0,5,5,5-sai-chu-ky-goi,OK-xanh,0.0,87.5,,100.0
PY-056,python,5,pallets/flask,public,instance,0,0.0,,,,,,,,,,,0,0,0,5,1-import-sai-ten,1-import-sai-ten,0.0,83.33,,0.0
PY-057,python,5,pallets/flask,public,instance,1,0.0,,,,,,,,,,,0,0,4,4,4-thuoc-tinh-khong-ton-tai,z-khac,0.0,75.0,,
PY-058,python,5,pallets/flask,public,function,1,25.0,,,,,,,,,,,0,0,0,0,8-assert-sai,8-assert-sai,0.0,0.0,,
PY-059,python,5,pallets/flask,public,instance,1,100.0,14.29,,,,,,,,,,2,2,1,1,4-thuoc-tinh-khong-ton-tai,4-thuoc-tinh-khong-ton-tai,62.5,37.5,,
PY-060,python,5,pallets/flask,private,instance,0,0.0,,,,,,,,,,,0,0,2,2,1-import-sai-ten,z-khac,0.0,50.0,,
