func_id,language,source_repo,file,func_name,class_path,visibility,cc,nloc,params,start_line,end_line,class_path,qualname,is_method,receiver_kind,module_or_package,visibility,param_types,import_hint,enrich_note
CJ-001,java,jfree/jfreechart,data/raw/jfreechart/src/main/java/org/jfree/chart/plot/compass/MeterNeedle.java,MeterNeedle::equals,MeterNeedle,public,10,31,1,339,369,MeterNeedle,org.jfree.chart.plot.compass.MeterNeedle.equals,yes,instance,org.jfree.chart.plot.compass,public,Object,"import org.jfree.chart.plot.compass.MeterNeedle;  // construct MeterNeedle, then instance.equals(Object)",
CJ-002,java,apache/commons-math,data/raw/commons-math/commons-math-legacy/src/main/java/org/apache/commons/math4/legacy/linear/BlockRealMatrix.java,BlockRealMatrix::transpose,BlockRealMatrix,public,5,28,0,1210,1242,BlockRealMatrix,org.apache.commons.math4.legacy.linear.BlockRealMatrix.transpose,yes,instance,org.apache.commons.math4.legacy.linear,public,,"import org.apache.commons.math4.legacy.linear.BlockRealMatrix;  // construct BlockRealMatrix, then instance.transpose()",
CJ-003,java,JodaOrg/joda-time,data/raw/joda-time/src/main/java/org/joda/time/DateTimeComparator.java,DateTimeComparator::equals,DateTimeComparator,public,7,10,1,242,251,DateTimeComparator,org.joda.time.DateTimeComparator.equals,yes,instance,org.joda.time,public,Object,"import org.joda.time.DateTimeComparator;  // construct DateTimeComparator, then instance.equals(Object)",
CJ-004,java,apache/commons-cli,data/raw/commons-cli/src/main/java/org/apache/commons/cli/PatternOptionBuilder.java,PatternOptionBuilder::isValueCode,PatternOptionBuilder,public,10,3,1,163,165,PatternOptionBuilder,org.apache.commons.cli.PatternOptionBuilder.isValueCode,yes,static,org.apache.commons.cli,public,char,import org.apache.commons.cli.PatternOptionBuilder;  // call PatternOptionBuilder.isValueCode(char),
CJ-005,java,apache/commons-collections,data/raw/commons-collections/src/main/java/org/apache/commons/collections4/map/AbstractLinkedMap.java,AbstractLinkedMap::containsValue,AbstractLinkedMap,public,6,16,1,464,480,AbstractLinkedMap,org.apache.commons.collections4.map.AbstractLinkedMap.containsValue,yes,instance,org.apache.commons.collections4.map,public,Object,"import org.apache.commons.collections4.map.AbstractLinkedMap;  // construct AbstractLinkedMap, then instance.containsValue(Object)",
CJ-006,java,google/gson,data/raw/gson/gson/src/main/java/com/google/gson/internal/bind/MapTypeAdapterFactory.java,Adapter::read,MapTypeAdapterFactory.Adapter,public,7,35,1,176,212,MapTypeAdapterFactory.Adapter,com.google.gson.internal.bind.MapTypeAdapterFactory.Adapter.read,yes,instance,com.google.gson.internal.bind,public,JsonReader,import com.google.gson.internal.bind.MapTypeAdapterFactory;  // TARGET IS NESTED: MapTypeAdapterFactory.Adapter.read(JsonReader) — NOT MapTypeAdapterFactory.read(JsonReader),nested-class
CJ-007,java,jhy/jsoup,data/raw/jsoup/src/main/java/org/jsoup/nodes/Attribute.java,Attribute::equals,Attribute,public,5,6,1,323,328,Attribute,org.jsoup.nodes.Attribute.equals,yes,instance,org.jsoup.nodes,public,Object,"import org.jsoup.nodes.Attribute;  // construct Attribute, then instance.equals(Object)",
CJ-008,java,apache/commons-csv,data/raw/commons-csv/src/main/java/org/apache/commons/csv/ExtendedBufferedReader.java,ExtendedBufferedReader::readLine,ExtendedBufferedReader,public,8,20,0,261,280,ExtendedBufferedReader,org.apache.commons.csv.ExtendedBufferedReader.readLine,yes,instance,org.apache.commons.csv,public,,"import org.apache.commons.csv.ExtendedBufferedReader;  // construct ExtendedBufferedReader, then instance.readLine()",
CJ-009,java,jfree/jfreechart,data/raw/jfreechart/src/main/java/org/jfree/chart/title/CompositeTitle.java,CompositeTitle::equals,CompositeTitle,public,5,16,1,201,216,CompositeTitle,org.jfree.chart.title.CompositeTitle.equals,yes,instance,org.jfree.chart.title,public,Object,"import org.jfree.chart.title.CompositeTitle;  // construct CompositeTitle, then instance.equals(Object)",
CJ-010,java,apache/commons-math,data/raw/commons-math/commons-math-legacy-core/src/main/java/org/apache/commons/math4/legacy/core/dfp/Dfp.java,Dfp::equals,Dfp,public,5,10,1,895,907,Dfp,org.apache.commons.math4.legacy.core.dfp.Dfp.equals,yes,instance,org.apache.commons.math4.legacy.core.dfp,public,Object,"import org.apache.commons.math4.legacy.core.dfp.Dfp;  // construct Dfp, then instance.equals(Object)",
CJ-011,java,JodaOrg/joda-time,data/raw/joda-time/src/main/java/org/joda/time/format/FormatUtils.java,FormatUtils::calculateDigitCount,FormatUtils,public,7,15,1,409,423,FormatUtils,org.joda.time.format.FormatUtils.calculateDigitCount,yes,static,org.joda.time.format,public,long,import org.joda.time.format.FormatUtils;  // call FormatUtils.calculateDigitCount(long),
CJ-012,java,apache/commons-cli,data/raw/commons-cli/src/main/java/org/apache/commons/cli/PatternOptionBuilder.java,PatternOptionBuilder::parsePattern,PatternOptionBuilder,public,6,37,1,173,223,PatternOptionBuilder,org.apache.commons.cli.PatternOptionBuilder.parsePattern,yes,static,org.apache.commons.cli,public,String,import org.apache.commons.cli.PatternOptionBuilder;  // call PatternOptionBuilder.parsePattern(String),
CJ-013,java,apache/commons-collections,data/raw/commons-collections/src/main/java/org/apache/commons/collections4/iterators/ListIteratorWrapper.java,ListIteratorWrapper::remove,ListIteratorWrapper,public,5,18,0,214,231,ListIteratorWrapper,org.apache.commons.collections4.iterators.ListIteratorWrapper.remove,yes,instance,org.apache.commons.collections4.iterators,public,,"import org.apache.commons.collections4.iterators.ListIteratorWrapper;  // construct ListIteratorWrapper, then instance.remove()",
CJ-014,java,google/gson,data/raw/gson/proto/src/main/java/com/google/gson/protobuf/ProtoTypeAdapter.java,ProtoTypeAdapter::serialize,ProtoTypeAdapter,public,5,26,3,255,284,ProtoTypeAdapter,com.google.gson.protobuf.ProtoTypeAdapter.serialize,yes,instance,com.google.gson.protobuf,public,"Message,Type,JsonSerializationContext","import com.google.gson.protobuf.ProtoTypeAdapter;  // construct ProtoTypeAdapter, then instance.serialize(Message, Type, JsonSerializationContext)",
CJ-015,java,jhy/jsoup,data/raw/jsoup/src/main/java/org/jsoup/safety/Safelist.java,Safelist::removeAttributes,Safelist,public,8,28,2,334,363,Safelist,org.jsoup.safety.Safelist.removeAttributes,yes,instance,org.jsoup.safety,public,"String,String...","import org.jsoup.safety.Safelist;  // construct Safelist, then instance.removeAttributes(String, String...)",
CJ-016,java,apache/commons-csv,data/raw/commons-csv/src/main/java/org/apache/commons/csv/CSVPrinter.java,CSVPrinter::printComment,CSVPrinter,public,9,33,1,229,262,CSVPrinter,org.apache.commons.csv.CSVPrinter.printComment,yes,instance,org.apache.commons.csv,public,String,"import org.apache.commons.csv.CSVPrinter;  // construct CSVPrinter, then instance.printComment(String)",
CJ-017,java,jfree/jfreechart,data/raw/jfreechart/src/main/java/org/jfree/data/xy/DefaultWindDataset.java,WindDataItem::equals,WindDataItem,public,6,19,1,406,424,WindDataItem,org.jfree.data.xy.WindDataItem.equals,yes,instance,org.jfree.data.xy,public,Object,"import org.jfree.data.xy.WindDataItem;  // construct WindDataItem, then instance.equals(Object)",
CJ-018,java,apache/commons-math,data/raw/commons-math/commons-math-legacy/src/main/java/org/apache/commons/math4/legacy/linear/OpenIntToFieldHashMap.java,OpenIntToFieldHashMap::remove,OpenIntToFieldHashMap,public,5,19,1,358,380,OpenIntToFieldHashMap,org.apache.commons.math4.legacy.linear.OpenIntToFieldHashMap.remove,yes,instance,org.apache.commons.math4.legacy.linear,public,int,"import org.apache.commons.math4.legacy.linear.OpenIntToFieldHashMap;  // construct OpenIntToFieldHashMap, then instance.remove(int)",
CJ-019,java,JodaOrg/joda-time,data/raw/joda-time/src/main/java/org/joda/time/chrono/LimitChronology.java,LimitChronology::withZone,LimitChronology,public,8,29,1,138,172,LimitChronology,org.joda.time.chrono.LimitChronology.withZone,yes,instance,org.joda.time.chrono,public,DateTimeZone,"import org.joda.time.chrono.LimitChronology;  // construct LimitChronology, then instance.withZone(DateTimeZone)",
CJ-020,java,apache/commons-cli,data/raw/commons-cli/src/main/java/org/apache/commons/cli/help/TextHelpAppendable.java,TextHelpAppendable::indexOfWrap,TextHelpAppendable,public,8,22,3,75,101,TextHelpAppendable,org.apache.commons.cli.help.TextHelpAppendable.indexOfWrap,yes,static,org.apache.commons.cli.help,public,"CharSequence,int,int","import org.apache.commons.cli.help.TextHelpAppendable;  // call TextHelpAppendable.indexOfWrap(CharSequence, int, int)",
CJ-021,java,apache/commons-collections,data/raw/commons-collections/src/main/java/org/apache/commons/collections4/bloomfilter/ArrayCountingBloomFilter.java,ArrayCountingBloomFilter::processBitMaps,ArrayCountingBloomFilter,public,7,24,1,217,242,ArrayCountingBloomFilter,org.apache.commons.collections4.bloomfilter.ArrayCountingBloomFilter.processBitMaps,yes,instance,org.apache.commons.collections4.bloomfilter,public,LongPredicate,"import org.apache.commons.collections4.bloomfilter.ArrayCountingBloomFilter;  // construct ArrayCountingBloomFilter, then instance.processBitMaps(LongPredicate)",
CJ-022,java,google/gson,data/raw/gson/gson/src/main/java/com/google/gson/internal/LinkedTreeMap.java,Node::equals,LinkedTreeMap.Node,public,5,8,1,510,517,LinkedTreeMap.Node,com.google.gson.internal.LinkedTreeMap.Node.equals,yes,instance,com.google.gson.internal,public,Object,import com.google.gson.internal.LinkedTreeMap;  // TARGET IS NESTED: LinkedTreeMap.Node.equals(Object) — NOT LinkedTreeMap.equals(Object),nested-class
CJ-023,java,jhy/jsoup,data/raw/jsoup/src/main/java/org/jsoup/nodes/Element.java,Element::hasClass,Element,public,9,16,1,1889,1912,Element,org.jsoup.nodes.Element.hasClass,yes,instance,org.jsoup.nodes,public,String,"import org.jsoup.nodes.Element;  // construct Element, then instance.hasClass(String)",
CJ-024,java,apache/commons-csv,data/raw/commons-csv/src/main/java/org/apache/commons/csv/CSVPrinter.java,CSVPrinter::CSVPrinter,CSVPrinter,public,5,15,2,107,123,CSVPrinter,org.apache.commons.csv.CSVPrinter.CSVPrinter,yes,instance,org.apache.commons.csv,public,"Appendable,CSVFormat","import org.apache.commons.csv.CSVPrinter;  // construct CSVPrinter, then instance.CSVPrinter(Appendable, CSVFormat)",
CJ-025,java,jfree/jfreechart,data/raw/jfreechart/src/main/java/org/jfree/data/statistics/MeanAndStandardDeviation.java,MeanAndStandardDeviation::equals,MeanAndStandardDeviation,public,5,17,1,141,157,MeanAndStandardDeviation,org.jfree.data.statistics.MeanAndStandardDeviation.equals,yes,instance,org.jfree.data.statistics,public,Object,"import org.jfree.data.statistics.MeanAndStandardDeviation;  // construct MeanAndStandardDeviation, then instance.equals(Object)",
CJ-026,java,apache/commons-math,data/raw/commons-math/commons-math-core/src/main/java/org/apache/commons/math4/core/jdkmath/AccurateMath.java,AccurateMath::asin,AccurateMath,public,7,46,1,2732,2802,AccurateMath,org.apache.commons.math4.core.jdkmath.AccurateMath.asin,yes,static,org.apache.commons.math4.core.jdkmath,public,double,import org.apache.commons.math4.core.jdkmath.AccurateMath;  // call AccurateMath.asin(double),
CJ-027,java,JodaOrg/joda-time,data/raw/joda-time/src/main/java/org/joda/time/Seconds.java,Seconds::seconds,Seconds,public,7,18,1,71,88,Seconds,org.joda.time.Seconds.seconds,yes,static,org.joda.time,public,int,import org.joda.time.Seconds;  // call Seconds.seconds(int),
CJ-028,java,apache/commons-cli,data/raw/commons-cli/src/main/java/org/apache/commons/cli/Parser.java,Parser::processArgs,Parser,public,7,18,2,217,237,Parser,org.apache.commons.cli.Parser.processArgs,yes,instance,org.apache.commons.cli,public,"Option,ListIterator","import org.apache.commons.cli.Parser;  // construct Parser, then instance.processArgs(Option, ListIterator)",
CJ-029,java,apache/commons-collections,data/raw/commons-collections/src/main/java/org/apache/commons/collections4/bidimap/AbstractDualBidiMap.java,View::retainAll,AbstractDualBidiMap.View,public,5,18,1,539,556,AbstractDualBidiMap.View,org.apache.commons.collections4.bidimap.AbstractDualBidiMap.View.retainAll,yes,instance,org.apache.commons.collections4.bidimap,public,Collection,import org.apache.commons.collections4.bidimap.AbstractDualBidiMap;  // TARGET IS NESTED: AbstractDualBidiMap.View.retainAll(Collection) — NOT AbstractDualBidiMap.retainAll(Collection),nested-class
CJ-030,java,google/gson,data/raw/gson/gson/src/main/java/com/google/gson/internal/Primitives.java,Primitives::wrap,Primitives,public,10,12,1,64,75,Primitives,com.google.gson.internal.Primitives.wrap,yes,static,com.google.gson.internal,public,Class,import com.google.gson.internal.Primitives;  // call Primitives.wrap(Class),
CJ-031,java,jhy/jsoup,data/raw/jsoup/src/main/java/org/jsoup/internal/StringUtil.java,StringUtil::isNumeric,StringUtil,public,5,10,1,179,189,StringUtil,org.jsoup.internal.StringUtil.isNumeric,yes,static,org.jsoup.internal,public,String,import org.jsoup.internal.StringUtil;  // call StringUtil.isNumeric(String),
CJ-032,java,jfree/jfreechart,data/raw/jfreechart/src/main/java/org/jfree/chart/internal/ArrayUtils.java,ArrayUtils::equal,ArrayUtils,public,6,17,2,124,143,ArrayUtils,org.jfree.chart.internal.ArrayUtils.equal,yes,static,org.jfree.chart.internal,public,"float,float","import org.jfree.chart.internal.ArrayUtils;  // call ArrayUtils.equal(float, float)",
CJ-033,java,apache/commons-math,data/raw/commons-math/commons-math-legacy/src/main/java/org/apache/commons/math4/legacy/linear/BiDiagonalTransformer.java,BiDiagonalTransformer::getB,BiDiagonalTransformer,public,6,21,0,134,158,BiDiagonalTransformer,org.apache.commons.math4.legacy.linear.BiDiagonalTransformer.getB,yes,instance,org.apache.commons.math4.legacy.linear,public,,"import org.apache.commons.math4.legacy.linear.BiDiagonalTransformer;  // construct BiDiagonalTransformer, then instance.getB()",
CJ-034,java,JodaOrg/joda-time,data/raw/joda-time/src/main/java/org/joda/time/base/AbstractInterval.java,AbstractInterval::equals,AbstractInterval,public,5,13,1,464,476,AbstractInterval,org.joda.time.base.AbstractInterval.equals,yes,instance,org.joda.time.base,public,Object,"import org.joda.time.base.AbstractInterval;  // construct AbstractInterval, then instance.equals(Object)",
CJ-035,java,apache/commons-cli,data/raw/commons-cli/src/main/java/org/apache/commons/cli/OptionGroup.java,OptionGroup::toString,OptionGroup,public,5,24,0,155,178,OptionGroup,org.apache.commons.cli.OptionGroup.toString,yes,instance,org.apache.commons.cli,public,,"import org.apache.commons.cli.OptionGroup;  // construct OptionGroup, then instance.toString()",
CJ-036,java,apache/commons-collections,data/raw/commons-collections/src/main/java/org/apache/commons/collections4/CollectionUtils.java,CollectionUtils::removeCount,CollectionUtils,public,6,26,3,1546,1572,CollectionUtils,org.apache.commons.collections4.CollectionUtils.removeCount,yes,static,org.apache.commons.collections4,public,"Collection,int,int","import org.apache.commons.collections4.CollectionUtils;  // call CollectionUtils.removeCount(Collection, int, int)",
CJ-037,java,google/gson,data/raw/gson/gson/src/main/java/com/google/gson/internal/Excluder.java,Excluder::create,Excluder,public,6,34,2,111,156,Excluder,com.google.gson.internal.Excluder.create,yes,instance,com.google.gson.internal,public,"Gson,TypeToken","import com.google.gson.internal.Excluder;  // construct Excluder, then instance.create(Gson, TypeToken)",
CJ-038,java,jhy/jsoup,data/raw/jsoup/src/main/java/org/jsoup/helper/W3CDom.java,W3CBuilder::head,W3CDom.W3CBuilder,public,10,31,2,359,392,W3CDom.W3CBuilder,org.jsoup.helper.W3CDom.W3CBuilder.head,yes,instance,org.jsoup.helper,public,"org,int","import org.jsoup.helper.W3CDom;  // TARGET IS NESTED: W3CDom.W3CBuilder.head(org, int) — NOT W3CDom.head(org, int)",nested-class
CJ-039,java,jfree/jfreechart,data/raw/jfreechart/src/main/java/org/jfree/chart/renderer/AbstractRenderer.java,AbstractRenderer::lookupSeriesShape,AbstractRenderer,public,5,14,1,1471,1486,AbstractRenderer,org.jfree.chart.renderer.AbstractRenderer.lookupSeriesShape,yes,instance,org.jfree.chart.renderer,public,int,"import org.jfree.chart.renderer.AbstractRenderer;  // construct AbstractRenderer, then instance.lookupSeriesShape(int)",
CJ-040,java,apache/commons-math,data/raw/commons-math/commons-math-legacy/src/main/java/org/apache/commons/math4/legacy/random/SobolSequenceGenerator.java,SobolSequenceGenerator::SobolSequenceGenerator,SobolSequenceGenerator,public,7,24,1,90,122,SobolSequenceGenerator,org.apache.commons.math4.legacy.random.SobolSequenceGenerator.SobolSequenceGenerator,yes,instance,org.apache.commons.math4.legacy.random,public,int,"import org.apache.commons.math4.legacy.random.SobolSequenceGenerator;  // construct SobolSequenceGenerator, then instance.SobolSequenceGenerator(int)",
CJ-041,java,JodaOrg/joda-time,data/raw/joda-time/src/main/java/org/joda/time/tz/FixedDateTimeZone.java,FixedDateTimeZone::equals,FixedDateTimeZone,public,5,13,1,96,108,FixedDateTimeZone,org.joda.time.tz.FixedDateTimeZone.equals,yes,instance,org.joda.time.tz,public,Object,"import org.joda.time.tz.FixedDateTimeZone;  // construct FixedDateTimeZone, then instance.equals(Object)",
CJ-042,java,apache/commons-cli,data/raw/commons-cli/src/main/java/org/apache/commons/cli/Option.java,Option::toString,Option,public,5,23,0,1006,1030,Option,org.apache.commons.cli.Option.toString,yes,instance,org.apache.commons.cli,public,,"import org.apache.commons.cli.Option;  // construct Option, then instance.toString()",
CJ-043,java,apache/commons-collections,data/raw/commons-collections/src/main/java/org/apache/commons/collections4/bidimap/AbstractDualBidiMap.java,View::removeIf,AbstractDualBidiMap.View,public,5,16,1,512,527,AbstractDualBidiMap.View,org.apache.commons.collections4.bidimap.AbstractDualBidiMap.View.removeIf,yes,instance,org.apache.commons.collections4.bidimap,public,Predicate,import org.apache.commons.collections4.bidimap.AbstractDualBidiMap;  // TARGET IS NESTED: AbstractDualBidiMap.View.removeIf(Predicate) — NOT AbstractDualBidiMap.removeIf(Predicate),nested-class
CJ-044,java,google/gson,data/raw/gson/metrics/src/main/java/com/google/gson/metrics/BagOfPrimitivesDeserializationBenchmark.java,BagOfPrimitivesDeserializationBenchmark::timeBagOfPrimitivesReflectionStreaming,BagOfPrimitivesDeserializationBenchmark,public,9,28,1,94,121,BagOfPrimitivesDeserializationBenchmark,com.google.gson.metrics.BagOfPrimitivesDeserializationBenchmark.timeBagOfPrimitivesReflectionStreaming,yes,instance,com.google.gson.metrics,public,int,"import com.google.gson.metrics.BagOfPrimitivesDeserializationBenchmark;  // construct BagOfPrimitivesDeserializationBenchmark, then instance.timeBagOfPrimitivesReflectionStreaming(int)",
CJ-045,java,jhy/jsoup,data/raw/jsoup/src/main/java/org/jsoup/examples/HtmlToPlainText.java,FormattingVisitor::head,HtmlToPlainText.FormattingVisitor,public,5,11,2,77,87,HtmlToPlainText.FormattingVisitor,org.jsoup.examples.HtmlToPlainText.FormattingVisitor.head,yes,instance,org.jsoup.examples,public,"Node,int","import org.jsoup.examples.HtmlToPlainText;  // TARGET IS NESTED: HtmlToPlainText.FormattingVisitor.head(Node, int) — NOT HtmlToPlainText.head(Node, int)",nested-class
CJ-046,java,jfree/jfreechart,data/raw/jfreechart/src/main/java/org/jfree/data/time/Minute.java,Minute::equals,Minute,public,5,16,1,381,396,Minute,org.jfree.data.time.Minute.equals,yes,instance,org.jfree.data.time,public,Object,"import org.jfree.data.time.Minute;  // construct Minute, then instance.equals(Object)",
CJ-047,java,apache/commons-math,data/raw/commons-math/commons-math-legacy-core/src/main/java/org/apache/commons/math4/legacy/core/dfp/DfpMath.java,DfpMath::log,DfpMath,public,7,44,1,312,372,DfpMath,org.apache.commons.math4.legacy.core.dfp.DfpMath.log,yes,static,org.apache.commons.math4.legacy.core.dfp,public,Dfp,import org.apache.commons.math4.legacy.core.dfp.DfpMath;  // call DfpMath.log(Dfp),
CJ-048,java,JodaOrg/joda-time,data/raw/joda-time/src/main/java/org/joda/time/LocalTime.java,Property::getField,LocalTime,protected,5,14,0,552,565,LocalTime,org.joda.time.LocalTime.getField,yes,instance,org.joda.time,protected,"int,Chronology","import org.joda.time.LocalTime;  // construct LocalTime, then instance.getField(int, Chronology)",
CJ-049,java,apache/commons-cli,data/raw/commons-cli/src/main/java/org/apache/commons/cli/help/TextHelpAppendable.java,TextHelpAppendable::appendList,TextHelpAppendable,public,5,13,2,216,228,TextHelpAppendable,org.apache.commons.cli.help.TextHelpAppendable.appendList,yes,instance,org.apache.commons.cli.help,public,"boolean,Collection","import org.apache.commons.cli.help.TextHelpAppendable;  // construct TextHelpAppendable, then instance.appendList(boolean, Collection)",
CJ-050,java,apache/commons-collections,data/raw/commons-collections/src/main/java/org/apache/commons/collections4/map/AbstractHashedMap.java,AbstractHashedMap::containsValue,AbstractHashedMap,public,8,24,1,808,831,AbstractHashedMap,org.apache.commons.collections4.map.AbstractHashedMap.containsValue,yes,instance,org.apache.commons.collections4.map,public,Object,"import org.apache.commons.collections4.map.AbstractHashedMap;  // construct AbstractHashedMap, then instance.containsValue(Object)",
CJ-051,java,google/gson,data/raw/gson/gson/src/main/java/com/google/gson/GsonBuilder.java,GsonBuilder::registerTypeHierarchyAdapter,GsonBuilder,public,7,22,2,818,840,GsonBuilder,com.google.gson.GsonBuilder.registerTypeHierarchyAdapter,yes,instance,com.google.gson,public,"Class,Object","import com.google.gson.GsonBuilder;  // construct GsonBuilder, then instance.registerTypeHierarchyAdapter(Class, Object)",
CJ-052,java,jhy/jsoup,data/raw/jsoup/src/main/java/org/jsoup/nodes/Element.java,Element::cssSelector,Element,public,5,17,0,1113,1131,Element,org.jsoup.nodes.Element.cssSelector,yes,instance,org.jsoup.nodes,public,,"import org.jsoup.nodes.Element;  // construct Element, then instance.cssSelector()",
CJ-053,java,jfree/jfreechart,data/raw/jfreechart/src/main/java/org/jfree/chart/plot/MeterInterval.java,MeterInterval::equals,MeterInterval,public,8,25,1,164,188,MeterInterval,org.jfree.chart.plot.MeterInterval.equals,yes,instance,org.jfree.chart.plot,public,Object,"import org.jfree.chart.plot.MeterInterval;  // construct MeterInterval, then instance.equals(Object)",
CJ-054,java,apache/commons-math,data/raw/commons-math/commons-math-legacy-core/src/main/java/org/apache/commons/math4/legacy/core/MathArrays.java,MathArrays::isMonotonic,MathArrays,public,10,39,3,307,347,MathArrays,org.apache.commons.math4.legacy.core.MathArrays.isMonotonic,yes,static,org.apache.commons.math4.legacy.core,public,"T,OrderDirection,boolean","import org.apache.commons.math4.legacy.core.MathArrays;  // call MathArrays.isMonotonic(T, OrderDirection, boolean)",
CJ-055,java,JodaOrg/joda-time,data/raw/joda-time/src/main/java/org/joda/time/field/BaseDateTimeField.java,BaseDateTimeField::getMaximumTextLength,BaseDateTimeField,public,5,13,1,871,883,BaseDateTimeField,org.joda.time.field.BaseDateTimeField.getMaximumTextLength,yes,instance,org.joda.time.field,public,Locale,"import org.joda.time.field.BaseDateTimeField;  // construct BaseDateTimeField, then instance.getMaximumTextLength(Locale)",
CJ-056,java,apache/commons-cli,data/raw/commons-cli/src/main/java/org/apache/commons/cli/help/HelpFormatter.java,HelpFormatter::getTableDefinition,HelpFormatter,public,5,36,1,163,208,HelpFormatter,org.apache.commons.cli.help.HelpFormatter.getTableDefinition,yes,instance,org.apache.commons.cli.help,public,Iterable,"import org.apache.commons.cli.help.HelpFormatter;  // construct HelpFormatter, then instance.getTableDefinition(Iterable)",
CJ-057,java,apache/commons-collections,data/raw/commons-collections/src/main/java/org/apache/commons/collections4/CollectionUtils.java,CollectionUtils::filter,CollectionUtils,public,5,12,2,840,851,CollectionUtils,org.apache.commons.collections4.CollectionUtils.filter,yes,static,org.apache.commons.collections4,public,"Iterable,Predicate","import org.apache.commons.collections4.CollectionUtils;  // call CollectionUtils.filter(Iterable, Predicate)",
CJ-058,java,google/gson,data/raw/gson/gson/src/main/java/com/google/gson/internal/bind/JsonTreeReader.java,JsonTreeReader::nextDouble,JsonTreeReader,public,7,16,0,237,252,JsonTreeReader,com.google.gson.internal.bind.JsonTreeReader.nextDouble,yes,instance,com.google.gson.internal.bind,public,,"import com.google.gson.internal.bind.JsonTreeReader;  // construct JsonTreeReader, then instance.nextDouble()",
CJ-059,java,jhy/jsoup,data/raw/jsoup/src/main/java/org/jsoup/examples/ListLinks.java,ListLinks::main,ListLinks,public,5,26,1,19,48,ListLinks,org.jsoup.examples.ListLinks.main,yes,static,org.jsoup.examples,public,String,import org.jsoup.examples.ListLinks;  // call ListLinks.main(String),
CJ-060,java,jfree/jfreechart,data/raw/jfreechart/src/main/java/org/jfree/chart/plot/CategoryMarker.java,CategoryMarker::equals,CategoryMarker,public,6,19,1,157,175,CategoryMarker,org.jfree.chart.plot.CategoryMarker.equals,yes,instance,org.jfree.chart.plot,public,Object,"import org.jfree.chart.plot.CategoryMarker;  // construct CategoryMarker, then instance.equals(Object)",
CP-001,python,psf/requests,data/raw/requests/src/requests/sessions.py,merge_hooks,,public,5,10,3,108,124,,merge_hooks,no,function,requests.sessions,public,"request_hooks,session_hooks,dict_class",from requests.sessions import merge_hooks,
CP-002,python,pallets/flask,data/raw/flask/src/flask/cli.py,parse_args,FlaskGroup,public,5,7,3,678,688,FlaskGroup,FlaskGroup.parse_args,yes,instance,flask.cli,public,"ctx,args","from flask.cli import FlaskGroup  # construct an instance first, then call instance.parse_args(...)",
CP-003,python,psf/requests,data/raw/requests/src/requests/cookies.py,morsel_to_cookie,,public,5,25,1,531,557,,morsel_to_cookie,no,function,requests.cookies,public,morsel,from requests.cookies import morsel_to_cookie,
CP-004,python,pallets/flask,data/raw/flask/src/flask/app.py,update_template_context,Flask,public,5,12,3,590,618,Flask,Flask.update_template_context,yes,instance,flask.app,public,"ctx,context","from flask.app import Flask  # construct an instance first, then call instance.update_template_context(...)",
CP-005,python,psf/requests,data/raw/requests/src/requests/utils.py,unquote_header_value,,public,5,6,2,475,497,,unquote_header_value,no,function,requests.utils,public,"value,is_filename",from requests.utils import unquote_header_value,
CP-006,python,pallets/flask,data/raw/flask/src/flask/app.py,handle_exception,Flask,public,6,17,3,897,948,Flask,Flask.handle_exception,yes,instance,flask.app,public,"ctx,e","from flask.app import Flask  # construct an instance first, then call instance.handle_exception(...)",
CP-007,python,psf/requests,data/raw/requests/src/requests/adapters.py,request_url,HTTPAdapter,public,5,15,3,565,597,HTTPAdapter,HTTPAdapter.request_url,yes,instance,requests.adapters,public,"request,proxies","from requests.adapters import HTTPAdapter  # construct an instance first, then call instance.request_url(...)",
CP-008,python,pallets/flask,data/raw/flask/src/flask/cli.py,shell_command,,public,5,24,0,1001,1045,,shell_command,no,function,flask.cli,public,,from flask.cli import shell_command,
CP-009,python,psf/requests,data/raw/requests/src/requests/hooks.py,dispatch_hook,,public,6,16,4,32,48,,dispatch_hook,no,function,requests.hooks,public,"key,hooks,hook_data",from requests.hooks import dispatch_hook,
CP-010,python,pallets/flask,data/raw/flask/src/flask/cli.py,get_command,FlaskGroup,public,5,14,3,609,634,FlaskGroup,FlaskGroup.get_command,yes,instance,flask.cli,public,"ctx,name","from flask.cli import FlaskGroup  # construct an instance first, then call instance.get_command(...)",
CP-011,python,psf/requests,data/raw/requests/src/requests/sessions.py,prepare_request,Session,public,6,28,2,511,555,Session,Session.prepare_request,yes,instance,requests.sessions,public,request,"from requests.sessions import Session  # construct an instance first, then call instance.prepare_request(...)",
CP-012,python,pallets/flask,data/raw/flask/src/flask/sansio/app.py,trap_http_exception,App,public,6,13,2,893,926,App,App.trap_http_exception,yes,instance,flask.sansio.app,public,e,"from flask.sansio.app import App  # construct an instance first, then call instance.trap_http_exception(...)",
CP-013,python,psf/requests,data/raw/requests/src/requests/models.py,prepare_content_length,PreparedRequest,public,5,10,2,654,668,PreparedRequest,PreparedRequest.prepare_content_length,yes,instance,requests.models,public,body,"from requests.models import PreparedRequest  # construct an instance first, then call instance.prepare_content_length(...)",
CP-014,python,pallets/flask,data/raw/flask/src/flask/cli.py,prepare_import,,public,6,16,1,200,226,,prepare_import,no,function,flask.cli,public,path,from flask.cli import prepare_import,
CP-015,python,psf/requests,data/raw/requests/src/requests/models.py,register_hook,RequestHooksMixin,public,6,11,3,257,270,RequestHooksMixin,RequestHooksMixin.register_hook,yes,instance,requests.models,public,"event,hook","from requests.models import RequestHooksMixin  # construct an instance first, then call instance.register_hook(...)",
CP-016,python,pallets/flask,data/raw/flask/src/flask/app.py,preprocess_request,Flask,public,8,14,2,1366,1392,Flask,Flask.preprocess_request,yes,instance,flask.app,public,ctx,"from flask.app import Flask  # construct an instance first, then call instance.preprocess_request(...)",
CP-017,python,psf/requests,data/raw/requests/src/requests/sessions.py,rebuild_method,SessionRedirectMixin,public,7,11,3,370,392,SessionRedirectMixin,SessionRedirectMixin.rebuild_method,yes,instance,requests.sessions,public,"prepared_request,response","from requests.sessions import SessionRedirectMixin  # construct an instance first, then call instance.rebuild_method(...)",
CP-018,python,pallets/flask,data/raw/flask/src/flask/app.py,handle_user_exception,Flask,public,7,13,3,865,895,Flask,Flask.handle_user_exception,yes,instance,flask.app,public,"ctx,e","from flask.app import Flask  # construct an instance first, then call instance.handle_user_exception(...)",
CP-019,python,psf/requests,data/raw/requests/src/requests/models.py,prepare_auth,PreparedRequest,public,6,16,3,670,697,PreparedRequest,PreparedRequest.prepare_auth,yes,instance,requests.models,public,"auth,url","from requests.models import PreparedRequest  # construct an instance first, then call instance.prepare_auth(...)",
CP-020,python,pallets/flask,data/raw/flask/src/flask/logging.py,has_level_handler,,public,5,10,1,31,47,,has_level_handler,no,function,flask.logging,public,logger,from flask.logging import has_level_handler,
CP-021,python,psf/requests,data/raw/requests/src/requests/models.py,json,Response,public,8,14,2,1091,1124,Response,Response.json,yes,instance,requests.models,public,,"from requests.models import Response  # construct an instance first, then call instance.json(...)",
CP-022,python,pallets/flask,data/raw/flask/src/flask/sansio/app.py,inject_url_defaults,App,public,5,10,3,960,979,App,App.inject_url_defaults,yes,instance,flask.sansio.app,public,"endpoint,values","from flask.sansio.app import App  # construct an instance first, then call instance.inject_url_defaults(...)",
CP-023,python,psf/requests,data/raw/requests/src/requests/sessions.py,request,Session,public,5,46,17,557,653,Session,Session.request,yes,instance,requests.sessions,public,"method,url,params,data,headers,cookies,files,auth,timeout,allow_redirects,proxies,hooks,stream,verify,cert,json","from requests.sessions import Session  # construct an instance first, then call instance.request(...)",
CP-024,python,pallets/flask,data/raw/flask/src/flask/config.py,from_file,Config,public,5,17,5,256,302,Config,Config.from_file,yes,instance,flask.config,public,"filename,load,silent,text","from flask.config import Config  # construct an instance first, then call instance.from_file(...)",
CP-025,python,psf/requests,data/raw/requests/src/requests/__init__.py,check_compatibility,,public,5,28,3,60,96,,check_compatibility,no,function,requests,public,"urllib3_version,chardet_version,charset_normalizer_version",from requests import check_compatibility,
CP-026,python,pallets/flask,data/raw/flask/src/flask/helpers.py,get_root_path,,public,9,30,1,587,641,,get_root_path,no,function,flask.helpers,public,import_name,from flask.helpers import get_root_path,
CP-027,python,psf/requests,data/raw/requests/src/requests/utils.py,is_valid_cidr,,public,6,15,1,763,784,,is_valid_cidr,no,function,requests.utils,public,string_network,from requests.utils import is_valid_cidr,
CP-028,python,pallets/flask,data/raw/flask/src/flask/app.py,wsgi_app,Flask,public,8,26,3,1566,1616,Flask,Flask.wsgi_app,yes,instance,flask.app,public,"environ,start_response","from flask.app import Flask  # construct an instance first, then call instance.wsgi_app(...)",
CP-029,python,psf/requests,data/raw/requests/src/requests/sessions.py,rebuild_auth,SessionRedirectMixin,public,5,14,3,309,332,SessionRedirectMixin,SessionRedirectMixin.rebuild_auth,yes,instance,requests.sessions,public,"prepared_request,response","from requests.sessions import SessionRedirectMixin  # construct an instance first, then call instance.rebuild_auth(...)",
CP-030,python,pallets/flask,data/raw/flask/src/flask/app.py,raise_routing_exception,Flask,public,5,10,2,562,588,Flask,Flask.raise_routing_exception,yes,instance,flask.app,public,request,"from flask.app import Flask  # construct an instance first, then call instance.raise_routing_exception(...)",
CP-031,python,psf/requests,data/raw/requests/src/requests/utils.py,prepend_scheme_if_needed,,public,5,14,2,1040,1067,,prepend_scheme_if_needed,no,function,requests.utils,public,"url,new_scheme",from requests.utils import prepend_scheme_if_needed,
CP-032,python,pallets/flask,data/raw/flask/src/flask/cli.py,run_command,,public,5,37,9,935,993,,run_command,no,function,flask.cli,public,"info,host,port,reload,debugger,with_threads,cert,extra_files,exclude_patterns",from flask.cli import run_command,
CP-033,python,psf/requests,data/raw/requests/src/requests/utils.py,set_environ,,public,5,14,2,788,807,,set_environ,no,function,requests.utils,public,"env_name,value",from requests.utils import set_environ,
CP-034,python,pallets/flask,data/raw/flask/src/flask/cli.py,load_app,ScriptInfo,public,8,30,1,333,372,ScriptInfo,ScriptInfo.load_app,yes,instance,flask.cli,public,,"from flask.cli import ScriptInfo  # construct an instance first, then call instance.load_app(...)",
CP-035,python,psf/requests,data/raw/requests/src/requests/cookies.py,merge_cookies,,public,6,14,2,604,625,,merge_cookies,no,function,requests.cookies,public,"cookiejar,cookies",from requests.cookies import merge_cookies,
CP-036,python,pallets/flask,data/raw/flask/src/flask/app.py,create_url_adapter,Flask,public,7,21,2,509,560,Flask,Flask.create_url_adapter,yes,instance,flask.app,public,request,"from flask.app import Flask  # construct an instance first, then call instance.create_url_adapter(...)",
CP-037,python,psf/requests,data/raw/requests/src/requests/utils.py,unquote_unreserved,,public,6,16,1,680,701,,unquote_unreserved,no,function,requests.utils,public,uri,from requests.utils import unquote_unreserved,
CP-038,python,pallets/flask,data/raw/flask/src/flask/app.py,full_dispatch_request,Flask,public,5,19,2,992,1019,Flask,Flask.full_dispatch_request,yes,instance,flask.app,public,ctx,"from flask.app import Flask  # construct an instance first, then call instance.full_dispatch_request(...)",
CP-039,python,psf/requests,data/raw/requests/src/requests/sessions.py,merge_setting,,public,8,17,3,76,105,,merge_setting,no,function,requests.sessions,public,"request_setting,session_setting,dict_class",from requests.sessions import merge_setting,
CP-040,python,pallets/flask,data/raw/flask/src/flask/app.py,process_response,Flask,public,6,10,3,1394,1418,Flask,Flask.process_response,yes,instance,flask.app,public,"ctx,response","from flask.app import Flask  # construct an instance first, then call instance.process_response(...)",
CP-041,python,psf/requests,data/raw/requests/src/requests/auth.py,handle_401,HTTPDigestAuth,public,7,29,3,273,319,HTTPDigestAuth,HTTPDigestAuth.handle_401,yes,instance,requests.auth,public,r,"from requests.auth import HTTPDigestAuth  # construct an instance first, then call instance.handle_401(...)",
CP-042,python,pallets/flask,data/raw/flask/src/flask/config.py,from_prefixed_env,Config,public,7,24,4,126,185,Config,Config.from_prefixed_env,yes,instance,flask.config,public,prefix,"from flask.config import Config  # construct an instance first, then call instance.from_prefixed_env(...)",
CP-043,python,psf/requests,data/raw/requests/src/requests/utils.py,get_unicode_from_response,,public,6,22,1,633,671,,get_unicode_from_response,no,function,requests.utils,public,r,from requests.utils import get_unicode_from_response,
CP-044,python,pallets/flask,data/raw/flask/src/flask/config.py,get_namespace,Config,public,5,15,4,323,364,Config,Config.get_namespace,yes,instance,flask.config,public,"namespace,lowercase,trim_namespace","from flask.config import Config  # construct an instance first, then call instance.get_namespace(...)",
CP-045,python,psf/requests,data/raw/requests/src/requests/sessions.py,should_strip_auth,SessionRedirectMixin,public,10,22,3,154,184,SessionRedirectMixin,SessionRedirectMixin.should_strip_auth,yes,instance,requests.sessions,public,"old_url,new_url","from requests.sessions import SessionRedirectMixin  # construct an instance first, then call instance.should_strip_auth(...)",
CP-046,python,pallets/flask,data/raw/flask/src/flask/templating.py,list_templates,DispatchingJinjaLoader,public,5,11,1,108,120,DispatchingJinjaLoader,DispatchingJinjaLoader.list_templates,yes,instance,flask.templating,public,,"from flask.templating import DispatchingJinjaLoader  # construct an instance first, then call instance.list_templates(...)",
CP-047,python,psf/requests,data/raw/requests/src/requests/utils.py,guess_filename,,public,5,4,1,283,287,,guess_filename,no,function,requests.utils,public,obj,from requests.utils import guess_filename,
CP-048,python,pallets/flask,data/raw/flask/src/flask/testing.py,open,FlaskClient,public,7,34,5,204,247,FlaskClient,FlaskClient.open,yes,instance,flask.testing,public,,"from flask.testing import FlaskClient  # construct an instance first, then call instance.open(...)",
CP-049,python,psf/requests,data/raw/requests/src/requests/models.py,raise_for_status,Response,public,6,19,1,1144,1171,Response,Response.raise_for_status,yes,instance,requests.models,public,,"from requests.models import Response  # construct an instance first, then call instance.raise_for_status(...)",
CP-050,python,pallets/flask,data/raw/flask/src/flask/json/tag.py,register,TaggedJSONSerializer,public,5,16,4,256,287,TaggedJSONSerializer,TaggedJSONSerializer.register,yes,instance,flask.json.tag,public,"tag_class,force,index","from flask.json.tag import TaggedJSONSerializer  # construct an instance first, then call instance.register(...)",
CP-051,python,psf/requests,data/raw/requests/src/requests/cookies.py,remove_cookie_by_name,,public,8,14,4,164,182,,remove_cookie_by_name,no,function,requests.cookies,public,"cookiejar,name,domain,path",from requests.cookies import remove_cookie_by_name,
CP-052,python,pallets/flask,data/raw/flask/src/flask/sansio/app.py,handle_url_build_error,App,public,5,14,4,981,1013,App,App.handle_url_build_error,yes,instance,flask.sansio.app,public,"error,endpoint,values","from flask.sansio.app import App  # construct an instance first, then call instance.handle_url_build_error(...)",
CP-053,python,psf/requests,data/raw/requests/src/requests/utils.py,extract_zipped_paths,,public,8,21,1,290,325,,extract_zipped_paths,no,function,requests.utils,public,path,from requests.utils import extract_zipped_paths,
CP-054,python,pallets/flask,data/raw/flask/src/flask/sansio/scaffold.py,find_package,,public,5,14,1,754,792,,find_package,no,function,flask.sansio.scaffold,public,import_name,from flask.sansio.scaffold import find_package,
CP-055,python,psf/requests,data/raw/requests/src/requests/help.py,info,,public,6,52,0,67,123,,info,no,function,requests.help,public,,from requests.help import info,
CP-056,python,pallets/flask,data/raw/flask/src/flask/helpers.py,get_flashed_messages,,public,6,12,2,360,399,,get_flashed_messages,no,function,flask.helpers,public,"with_categories,category_filter",from flask.helpers import get_flashed_messages,
CP-057,python,psf/requests,data/raw/requests/src/requests/utils.py,get_encoding_from_headers,,public,5,11,1,569,591,,get_encoding_from_headers,no,function,requests.utils,public,headers,from requests.utils import get_encoding_from_headers,
CP-058,python,psf/requests,data/raw/requests/src/requests/sessions.py,rebuild_proxies,SessionRedirectMixin,public,6,18,3,334,368,SessionRedirectMixin,SessionRedirectMixin.rebuild_proxies,yes,instance,requests.sessions,public,"prepared_request,proxies","from requests.sessions import SessionRedirectMixin  # construct an instance first, then call instance.rebuild_proxies(...)",
CP-059,python,psf/requests,data/raw/requests/src/requests/utils.py,resolve_proxies,,public,5,16,3,911,939,,resolve_proxies,no,function,requests.utils,public,"request,proxies,trust_env",from requests.utils import resolve_proxies,
CP-060,python,psf/requests,data/raw/requests/src/requests/utils.py,select_proxy,,public,5,17,2,885,908,,select_proxy,no,function,requests.utils,public,"url,proxies",from requests.utils import select_proxy,
